organization,category,careers_page,verdict,reason,board
Palantir Technologies,Defense Tech,https://www.palantir.com/careers/,WORKING,"resolved, 310 postings",lever:palantir
Bugcrowd,Cybersecurity,https://www.bugcrowd.com/about/careers/,WORKING,"resolved, 13 postings",greenhouse:bugcrowd
Dragos,Cybersecurity,https://www.dragos.com/careers/,WORKING,"resolved, 59 postings",greenhouse:dragos
Eye Security,Cybersecurity,https://www.eye.security/careers,WORKING,"resolved, 27 postings",ashby:eye-security
Guardsquare,Cybersecurity,https://www.guardsquare.com/careers,WORKING,"resolved, 16 postings",greenhouse:guardsquare
HackerOne,Cybersecurity,https://www.hackerone.com/careers,WORKING,"resolved, 22 postings",ashby:hackerone
Immersive Labs,Cybersecurity,https://www.immersivelabs.com/careers,WORKING,"resolved, 15 postings",ashby:immersivelabs
Nozomi Italia,Cybersecurity,https://www.nozominetworks.com/company/careers,WORKING,"resolved, 16 postings",greenhouse:nozominetworks
Nozomi Networks,Cybersecurity,https://www.nozominetworks.com/company/careers,WORKING,"resolved, 16 postings",greenhouse:nozominetworks
Sophos,Cybersecurity,https://www.sophos.com/en-us/company/careers,WORKING,"resolved, 115 postings",lever:sophos
Tenable,Cybersecurity,https://www.tenable.com/careers,WORKING,"resolved, 39 postings",greenhouse:tenableinc
Comand AI,Defense Tech,https://comand.ai/careers,WORKING,"resolved, 12 postings",ashby:comand-ai
The Exploration Company,Space Economy,https://www.exploration.space/careers,WORKING,"resolved, 102 postings",ashby:the-exploration-company
DeepL,Big Tech & AI,https://jobs.deepl.com,WORKING,"resolved, 61 postings",ashby:DeepL
Dust,Big Tech & AI,https://dust.tt/jobs,WORKING,"resolved, 26 postings",ashby:dust
H Company,Big Tech & AI,https://www.hcompany.ai/careers,WORKING,"resolved, 23 postings",ashby:hcompany
N26,Big Tech & AI,https://n26.com/en/careers,WORKING,"resolved, 64 postings",greenhouse:n26
Nothing,Big Tech & AI,https://nothing.tech/pages/careers,WORKING,"resolved, 10 postings",greenhouse:nothing
Owkin,Big Tech & AI,https://www.owkin.com/careers,WORKING,"resolved, 3 postings",ashby:owkin
Photoroom,Big Tech & AI,https://www.photoroom.com/careers,WORKING,"resolved, 18 postings",ashby:photoroom
Flow Traders,Finance & Prestige,https://www.flowtraders.com/careers,WORKING,"resolved, 41 postings",greenhouse:flowtraders
QuiX Quantum,Quantum & Deep Tech,https://www.quixquantum.com/careers,WORKING,"resolved, 7 postings",greenhouse:quixquantumbv
Axelera AI,Tech & Industry,https://www.axelera.ai/careers,WORKING,"resolved, 10 postings",ashby:axelera
Airbus Protect,Cybersecurity,https://www.airbus.com/en/careers,WORKING,"fine, runs on workday (no connector yet)",
CY4GATE,Cybersecurity,https://www.cy4gate.com/en/careers/,WORKING,"fine, but JavaScript-rendered — use --browser",
CybExer Technologies,Cybersecurity,https://cybexer.com/careers/,BROKEN,"404 — URL is wrong, needs replacing",
EclecticIQ,Cybersecurity,https://www.eclecticiq.com/careers,BROKEN,"404 — URL is wrong, needs replacing",
Fox-IT (NCC Group),Cybersecurity,https://www.nccgroup.com/careers/,WORKING,"fine, but JavaScript-rendered — use --browser",
Infodas,Cybersecurity,https://www.infodas.com/en/career/,WORKING,"fine, but JavaScript-rendered — use --browser",
Leonardo Cyber & Security Solutions,Cybersecurity,https://www.leonardo.com/en/careers,WORKING,"fine, but JavaScript-rendered — use --browser",
NVISO,Cybersecurity,https://www.nviso.eu/careers/,BROKEN,"404 — URL is wrong, needs replacing",
Riscure,Cybersecurity,https://www.riscure.com/careers/,WORKING,"403 to a script, but fine in a browser",
Telsy (TIM),Cybersecurity,https://www.telsy.com/en/careers/,SUSPECT,TLS certificate misconfigured,
Thales SIX GTS (Cyber & Secure Comms),Cybersecurity,https://careers.thalesgroup.com,WORKING,"fine, but JavaScript-rendered — use --browser",
Toreon,Cybersecurity,https://www.toreon.com/careers/,BROKEN,"404 — URL is wrong, needs replacing",
genua,Cybersecurity,https://www.genua.de/en/company/careers,BROKEN,"404 — URL is wrong, needs replacing",
secunet Security Networks,Cybersecurity,https://www.secunet.com/en/career,WORKING,"fine, but JavaScript-rendered — use --browser",
Anduril Industries,Defense Tech,https://www.anduril.com/careers/,WORKING,"fine, but JavaScript-rendered — use --browser",
Helsing,Defense Tech,https://helsing.ai/careers,WORKING,"429 rate limited, page is fine",
Airbus Defence and Space,Defense & Aerospace,https://www.airbus.com/en/careers,WORKING,"fine, runs on workday (no connector yet)",
Thales Alenia Space,Defense & Aerospace,https://careers.thalesgroup.com,WORKING,"fine, but JavaScript-rendered — use --browser",
Thales Group,Defense & Aerospace,https://careers.thalesgroup.com,WORKING,"fine, but JavaScript-rendered — use --browser",
CERT-EU,Institutions & Agencies,https://cert.europa.eu/careers,BROKEN,"404 — URL is wrong, needs replacing",
European Commission (EPSO),Institutions & Agencies,https://eu-careers.europa.eu,WORKING,"fine, runs on eu-careers (no connector yet)",
"DG DEFIS (Defence, Industry and Space)",Institutions & Agencies,https://eu-careers.europa.eu,WORKING,"fine, runs on eu-careers (no connector yet)",
EDA - European Defence Agency,Institutions & Agencies,https://eda.europa.eu/careers,WORKING,"fine, but JavaScript-rendered — use --browser",
ENISA,Institutions & Agencies,https://www.enisa.europa.eu/about-enisa/recruitment,BROKEN,"404 — URL is wrong, needs replacing",
EU SatCen,Institutions & Agencies,https://www.satcen.europa.eu/careers,WORKING,"fine, but JavaScript-rendered — use --browser",
EUISS - EU Institute for Security Studies,Institutions & Agencies,https://www.iss.europa.eu/about-us/vacancies,BROKEN,"404 — URL is wrong, needs replacing",
EUROCONTROL,Institutions & Agencies,https://www.eurocontrol.int/careers,WORKING,"fine, but JavaScript-rendered — use --browser",
EUSPA - EU Agency for the Space Programme,Institutions & Agencies,https://www.euspa.europa.eu/about/careers,BROKEN,"404 — URL is wrong, needs replacing",
European Space Agency (ESA),Institutions & Agencies,https://www.esa.int/About_Us/Careers_at_ESA,WORKING,"fine, but JavaScript-rendered — use --browser",
Europol,Institutions & Agencies,https://www.europol.europa.eu/careers-procurement/vacancies,WORKING,"fine, but JavaScript-rendered — use --browser",
NATO DIANA,Institutions & Agencies,https://www.diana.nato.int/careers.html,WORKING,"403 to a script, but fine in a browser",
NATO Innovation Fund,Institutions & Agencies,https://www.nif.fund/careers,BROKEN,"404 — URL is wrong, needs replacing",
NCIA - NATO Communications and Information Agency,Institutions & Agencies,https://www.ncia.nato.int/careers.html,WORKING,"403 to a script, but fine in a browser",
eu-LISA,Institutions & Agencies,https://www.eulisa.europa.eu/about-us/jobs,BROKEN,"404 — URL is wrong, needs replacing",
EPSO Blue Book Traineeship,Programs & Competitions,https://traineeships.ec.europa.eu,WORKING,"fine, but JavaScript-rendered — use --browser",
ESA Network Partnering Initiative (NPI),Programs & Competitions,https://nebula.esa.int,SUSPECT,HTTP 503,
ESA Young Graduate Trainee (YGT),Programs & Competitions,https://jobs.esa.int,WORKING,"fine, runs on successfactors (no connector yet)",
TNO,Research & Big Science,https://www.tno.nl/en/careers/,WORKING,"fine, but JavaScript-rendered — use --browser",
Airbus Defence and Space Netherlands,Space Economy,https://www.airbus.com/en/careers,WORKING,"fine, runs on workday (no connector yet)",
CGI Space Netherlands,Space Economy,https://www.cgi.com/en/careers,WORKING,"fine, but JavaScript-rendered — use --browser",
Eutelsat / OneWeb,Space Economy,https://www.eutelsat.com/en/careers.html,BROKEN,"404 — URL is wrong, needs replacing",
GMV,Space Economy,https://www.gmv.com/en/careers,BROKEN,"404 — URL is wrong, needs replacing",
Hispasat,Space Economy,https://www.hispasat.com/en/talent,WORKING,"fine, but JavaScript-rendered — use --browser",
Look Up Space,Space Economy,https://lookupspace.com,WORKING,"fine, runs on recruitee (no connector yet)",
Mynaric,Space Economy,https://mynaric.com/careers/,WORKING,"fine, runs on personio (no connector yet)",
RHEA Group,Space Economy,https://www.rheagroup.com/careers/,BROKEN,"404 — URL is wrong, needs replacing",
Rhea System NL,Space Economy,https://www.rheagroup.com/careers/,BROKEN,"404 — URL is wrong, needs replacing",
SES,Space Economy,https://www.ses.com/careers,BROKEN,"404 — URL is wrong, needs replacing",
Solenix,Space Economy,https://www.solenix.ch/careers,BROKEN,"404 — URL is wrong, needs replacing",
SpaceRISE (IRIS2 consortium),Space Economy,https://www.ses.com/careers,BROKEN,"404 — URL is wrong, needs replacing",
Starion Group (ex Telespazio VEGA),Space Economy,https://www.stariongroup.eu/careers/,WORKING,"fine, but JavaScript-rendered — use --browser",
Telespazio Belgium,Space Economy,https://www.telespazio.com/en/careers,WORKING,"fine, but JavaScript-rendered — use --browser",
Terma Space,Space Economy,https://www.terma.com/careers/,WORKING,"403 to a script, but fine in a browser",
Unseenlabs,Space Economy,https://unseenlabs.space/careers/,WORKING,"fine, but JavaScript-rendered — use --browser",
Vyoma,Space Economy,https://vyoma.space/careers,BROKEN,"404 — URL is wrong, needs replacing",
ASML,Tech & Industry,https://www.asml.com/en/careers,WORKING,"fine, but JavaScript-rendered — use --browser",
NXP Semiconductors,Tech & Industry,https://www.nxp.com/company/about-nxp/careers,WORKING,"fine, runs on workday (no connector yet)",
Clingendael Institute,Think Tank & Policy,https://www.clingendael.org/vacancies,WORKING,"403 to a script, but fine in a browser",
College of Europe,University & Training,https://www.coleurope.eu/study,WORKING,"fine, but JavaScript-rendered — use --browser",
Aizoon,Cybersecurity,https://www.aizoongroup.com/careers/,WORKING,"fine, but JavaScript-rendered — use --browser",
Akamai,Cybersecurity,https://www.akamai.com/careers,WORKING,"403 to a script, but fine in a browser",
Almond,Cybersecurity,https://www.almond.eu/carrieres/,BROKEN,"404 — URL is wrong, needs replacing",
Amossys (Almond),Cybersecurity,https://www.almond.eu/carrieres/,BROKEN,"404 — URL is wrong, needs replacing",
Approach Cyber,Cybersecurity,https://www.approach-cyber.com/careers/,BROKEN,"404 — URL is wrong, needs replacing",
Arctic Wolf,Cybersecurity,https://arcticwolf.com/careers/,WORKING,"fine, runs on workday (no connector yet)",
Armis,Cybersecurity,https://www.armis.com/careers/,WORKING,"403 to a script, but fine in a browser",
Bitdefender,Cybersecurity,https://www.bitdefender.com/company/careers/,WORKING,"fine, but JavaScript-rendered — use --browser",
BlueVoyant,Cybersecurity,https://www.bluevoyant.com/careers,WORKING,"403 to a script, but fine in a browser",
Certego (VEM Group),Cybersecurity,https://www.certego.net/careers/,BROKEN,"404 — URL is wrong, needs replacing",
Check Point,Cybersecurity,https://careers.checkpoint.com,WORKING,"403 to a script, but fine in a browser",
Claroty,Cybersecurity,https://claroty.com/careers,WORKING,"fine, but JavaScript-rendered — use --browser",
Cloudflare,Cybersecurity,https://www.cloudflare.com/careers/,WORKING,"fine, but JavaScript-rendered — use --browser",
Computest,Cybersecurity,https://www.computest.nl/nl/werken-bij/,WORKING,"fine, but JavaScript-rendered — use --browser",
CrowdStrike,Cybersecurity,https://www.crowdstrike.com/careers/,WORKING,"fine, runs on workday (no connector yet)",
CryptoNext Security,Cybersecurity,https://cryptonext-security.com/careers,SUSPECT,TLS certificate misconfigured,
Cyberagentur (Germany),Cybersecurity,https://www.cyberagentur.de/karriere/,WORKING,"fine, but JavaScript-rendered — use --browser",
Cybernetica,Cybersecurity,https://cyber.ee/careers/,WORKING,"fine, but JavaScript-rendered — use --browser",
Cyberoo,Cybersecurity,https://www.cyberoo.com/lavora-con-noi/,WORKING,"fine, but JavaScript-rendered — use --browser",
Cyberus Technology,Cybersecurity,https://www.cyberus-technology.de,WORKING,"fine, but JavaScript-rendered — use --browser",
Cymulate,Cybersecurity,https://cymulate.com/careers/,WORKING,"fine, but JavaScript-rendered — use --browser",
DCSO,Cybersecurity,https://dcso.de/karriere,BROKEN,"404 — URL is wrong, needs replacing",
DGS S.p.A.,Cybersecurity,https://www.dgsspa.com/lavora-con-noi/,BROKEN,"404 — URL is wrong, needs replacing",
Darktrace,Cybersecurity,https://www.darktrace.com/careers,WORKING,"fine, runs on workday (no connector yet)",
Davinsi Labs,Cybersecurity,https://www.davinsilabs.com/careers,WORKING,"fine, but JavaScript-rendered — use --browser",
Defence Tech Holding,Cybersecurity,https://www.defencetech.it/lavora-con-noi/,WORKING,"fine, but JavaScript-rendered — use --browser",
Detectify,Cybersecurity,https://detectify.com/careers,WORKING,"fine, but JavaScript-rendered — use --browser",
Doyensec,Cybersecurity,https://doyensec.com/careers.html,WORKING,"fine, but JavaScript-rendered — use --browser",
ERNW,Cybersecurity,https://ernw.de/en/karriere.html,BROKEN,"404 — URL is wrong, needs replacing",
ESET,Cybersecurity,https://www.eset.com/int/about/careers/,WORKING,"fine, but JavaScript-rendered — use --browser",
Entelgy Innotec Security,Cybersecurity,https://www.entelgy.com/en/careers/,WORKING,"fine, but JavaScript-rendered — use --browser",
Exprivia Cybersecurity,Cybersecurity,https://www.exprivia.com/it-it/careers.aspx,BROKEN,"404 — URL is wrong, needs replacing",
F-Secure,Cybersecurity,https://www.f-secure.com/en/careers,BROKEN,"404 — URL is wrong, needs replacing",
Forescout,Cybersecurity,https://www.forescout.com/company/careers/,WORKING,"fine, but JavaScript-rendered — use --browser",
Fortinet,Cybersecurity,https://www.fortinet.com/careers,BROKEN,"404 — URL is wrong, needs replacing",
G DATA CyberDefense,Cybersecurity,https://www.gdata.de/karriere,WORKING,"fine, but JavaScript-rendered — use --browser",
Gatewatcher,Cybersecurity,https://www.gatewatcher.com/en/careers/,WORKING,"fine, but JavaScript-rendered — use --browser",
Giesecke+Devrient,Cybersecurity,https://www.gi-de.com/en/careers,WORKING,"fine, but JavaScript-rendered — use --browser",
Google Threat Intelligence (Mandiant),Cybersecurity,https://www.google.com/about/careers/,WORKING,"fine, but JavaScript-rendered — use --browser",
Gyala,Cybersecurity,https://www.gyala.it/careers,BROKEN,domain did not resolve (may be local DNS overload — recheck),
HN Security,Cybersecurity,https://security.humanativaspa.it,SUSPECT,TLS certificate misconfigured,
HWG Sababa,Cybersecurity,https://www.hwgsababa.com/careers/,BROKEN,connection refused,
Hack The Box,Cybersecurity,https://www.hackthebox.com/careers,BROKEN,"404 — URL is wrong, needs replacing",
HarfangLab,Cybersecurity,https://harfanglab.io/en/careers/,WORKING,"403 to a script, but fine in a browser",
Hermes Bay,Cybersecurity,https://www.hermesbay.com,WORKING,"fine, but JavaScript-rendered — use --browser",
Hunt & Hackett,Cybersecurity,https://www.huntandhackett.com/careers,BROKEN,"404 — URL is wrong, needs replacing",
ID Quantique,Cybersecurity,https://www.idquantique.com/company/careers/,WORKING,"403 to a script, but fine in a browser",
Idemia,Cybersecurity,https://www.idemia.com/careers,WORKING,"fine, runs on icims (no connector yet)",
Improsec,Cybersecurity,https://improsec.com/career,WORKING,"fine, runs on teamtailor (no connector yet)",
Intigriti,Cybersecurity,https://www.intigriti.com/careers,WORKING,"fine, but JavaScript-rendered — use --browser",
Kudelski Security,Cybersecurity,https://kudelskisecurity.com/careers/,BROKEN,"404 — URL is wrong, needs replacing",
Ledger,Cybersecurity,https://www.ledger.com/careers,BROKEN,"404 — URL is wrong, needs replacing",
Link11,Cybersecurity,https://www.link11.com/en/career/,WORKING,"fine, but JavaScript-rendered — use --browser",
Microsoft Security (MSTIC),Cybersecurity,https://careers.microsoft.com,WORKING,"fine, but JavaScript-rendered — use --browser",
NCC Group,Cybersecurity,https://www.nccgroup.com/careers/,WORKING,"fine, but JavaScript-rendered — use --browser",
Nixu (DNV),Cybersecurity,https://www.nixu.com/careers,WORKING,"fine, but JavaScript-rendered — use --browser",
Northwave Cyber Security,Cybersecurity,https://northwave-cybersecurity.com/careers,BROKEN,"404 — URL is wrong, needs replacing",
ON2IT,Cybersecurity,https://on2it.net/careers/,WORKING,"fine, runs on recruitee (no connector yet)",
Omegapoint,Cybersecurity,https://www.omegapoint.se/karriar,BROKEN,"404 — URL is wrong, needs replacing",
Orange Cyberdefense,Cybersecurity,https://www.orangecyberdefense.com/global/careers,BROKEN,"404 — URL is wrong, needs replacing",
Outpost24,Cybersecurity,https://outpost24.com/careers/,WORKING,"403 to a script, but fine in a browser",
PQShield,Cybersecurity,https://pqshield.com/careers/,WORKING,"fine, but JavaScript-rendered — use --browser",
Palo Alto Networks,Cybersecurity,https://jobs.paloaltonetworks.com,WORKING,"fine, runs on workday (no connector yet)",
Picus Security,Cybersecurity,https://www.picussecurity.com/careers,BROKEN,"404 — URL is wrong, needs replacing",
Prove & Run,Cybersecurity,https://www.provenrun.com/careers/,WORKING,"fine, but JavaScript-rendered — use --browser",
Qualys,Cybersecurity,https://www.qualys.com/careers/,WORKING,"fine, runs on workday (no connector yet)",
Quarkslab,Cybersecurity,https://www.quarkslab.com/careers/,BROKEN,"404 — URL is wrong, needs replacing",
Rapid7,Cybersecurity,https://www.rapid7.com/careers/,WORKING,"fine, but JavaScript-rendered — use --browser",
Recorded Future,Cybersecurity,https://www.recordedfuture.com/careers,WORKING,"fine, but JavaScript-rendered — use --browser",
Rohde & Schwarz Cybersecurity,Cybersecurity,https://www.rohde-schwarz.com/careers,WORKING,"fine, but JavaScript-rendered — use --browser",
S2 Grupo,Cybersecurity,https://s2grupo.es/en/work-with-us/,BROKEN,"404 — URL is wrong, needs replacing",
SandboxAQ,Cybersecurity,https://www.sandboxaq.com/careers,WORKING,"fine, but JavaScript-rendered — use --browser",
Secura (Bureau Veritas),Cybersecurity,https://www.secura.com/careers,WORKING,"fine, but JavaScript-rendered — use --browser",
Sekoia.io,Cybersecurity,https://www.sekoia.io/en/careers/,WORKING,"fine, but JavaScript-rendered — use --browser",
SentinelOne,Cybersecurity,https://www.sentinelone.com/careers/,WORKING,"fine, but JavaScript-rendered — use --browser",
Shielder,Cybersecurity,https://www.shielder.com/careers/,WORKING,"fine, but JavaScript-rendered — use --browser",
Snyk,Cybersecurity,https://snyk.io/careers/,WORKING,"fine, but JavaScript-rendered — use --browser",
Stormshield (Airbus),Cybersecurity,https://www.stormshield.com/company/careers/,WORKING,"fine, but JavaScript-rendered — use --browser",
Synacktiv,Cybersecurity,https://www.synacktiv.com/en/careers,BROKEN,"404 — URL is wrong, needs replacing",
Tarlogic Security,Cybersecurity,https://www.tarlogic.com/careers/,BROKEN,"404 — URL is wrong, needs replacing",
Tehtris,Cybersecurity,https://tehtris.com/en/careers/,WORKING,"fine, but JavaScript-rendered — use --browser",
Telefonica Tech,Cybersecurity,https://www.telefonica.com/en/talent/,WORKING,"fine, but JavaScript-rendered — use --browser",
Tesorion,Cybersecurity,https://www.tesorion.nl/vacatures/,WORKING,"fine, but JavaScript-rendered — use --browser",
Thales Cyber & Digital,Cybersecurity,https://careers.thalesgroup.com,WORKING,"fine, but JavaScript-rendered — use --browser",
Thales Digital Identity & Security,Cybersecurity,https://careers.thalesgroup.com,WORKING,"fine, but JavaScript-rendered — use --browser",
"Tinexta Cyber (Swascan, Corvallis)",Cybersecurity,https://www.tinexta.com/it/careers,SUSPECT,TLS certificate misconfigured,
Trail of Bits,Cybersecurity,https://www.trailofbits.com/careers/,WORKING,"fine, runs on workable (no connector yet)",
Trellix,Cybersecurity,https://careers.trellix.com,WORKING,"fine, but JavaScript-rendered — use --browser",
Truesec,Cybersecurity,https://www.truesec.com/careers,BROKEN,"404 — URL is wrong, needs replacing",
Ubiquity/Open Systems,Cybersecurity,https://www.open-systems.com/careers/,WORKING,"403 to a script, but fine in a browser",
Utimaco,Cybersecurity,https://utimaco.com/company/careers,BROKEN,"404 — URL is wrong, needs replacing",
Wallix,Cybersecurity,https://www.wallix.com/careers/,WORKING,"fine, but JavaScript-rendered — use --browser",
WithSecure,Cybersecurity,https://www.withsecure.com/en/about-us/careers,WORKING,"fine, but JavaScript-rendered — use --browser",
Wiz,Cybersecurity,https://www.wiz.io/careers,WORKING,"fine, but JavaScript-rendered — use --browser",
Yarix (Var Group),Cybersecurity,https://www.yarix.com/lavora-con-noi/,BROKEN,"404 — URL is wrong, needs replacing",
Yogosha,Cybersecurity,https://yogosha.com/careers,WORKING,"fine, but JavaScript-rendered — use --browser",
ZITiS,Cybersecurity,https://www.zitis.bund.de/DE/Karriere,BROKEN,"404 — URL is wrong, needs replacing",
Zama,Cybersecurity,https://www.zama.ai/careers,BROKEN,"404 — URL is wrong, needs replacing",
Zerocopter,Cybersecurity,https://www.zerocopter.com,WORKING,"fine, but JavaScript-rendered — use --browser",
Zscaler,Cybersecurity,https://www.zscaler.com/careers,WORKING,"fine, but JavaScript-rendered — use --browser",
ARX Robotics,Defense Tech,https://arx-robotics.com/careers,WORKING,"fine, but JavaScript-rendered — use --browser",
Alpine Eagle,Defense Tech,https://alpine-eagle.com/career,BROKEN,"404 — URL is wrong, needs replacing",
Delian Alliance Industries,Defense Tech,https://delian.io/careers,BROKEN,"404 — URL is wrong, needs replacing",
Destinus,Defense Tech,https://destinus.ch/careers/,BROKEN,"404 — URL is wrong, needs replacing",
Donaustahl,Defense Tech,https://www.donaustahl.com,WORKING,"fine, but JavaScript-rendered — use --browser",
Frankenburg Technologies,Defense Tech,https://frankenburg.tech,WORKING,"fine, but JavaScript-rendered — use --browser",
Milrem Robotics,Defense Tech,https://milrem.com/careers/,WORKING,"fine, but JavaScript-rendered — use --browser",
Nordic Air Defence,Defense Tech,https://nordicairdefence.com/careers,BROKEN,"404 — URL is wrong, needs replacing",
Origin Robotics,Defense Tech,https://originrobotics.com/careers,BROKEN,"404 — URL is wrong, needs replacing",
Quantum Systems,Defense Tech,https://quantum-systems.com/career/,WORKING,"403 to a script, but fine in a browser",
Stark Defence,Defense Tech,https://stark-defence.com/careers,BROKEN,"404 — URL is wrong, needs replacing",
Swarm Biotactics,Defense Tech,https://swarmbiotactics.com,BROKEN,domain did not resolve (may be local DNS overload — recheck),
Tekever,Defense Tech,https://www.tekever.com/careers/,BROKEN,"404 — URL is wrong, needs replacing",
Tiberius Aerospace,Defense Tech,https://tiberiusaerospace.com,BROKEN,domain did not resolve (may be local DNS overload — recheck),
Tytan Technologies,Defense Tech,https://tytan-technologies.com,WORKING,"fine, runs on recruitee (no connector yet)",
Airbus Netherlands,Defense & Aerospace,https://www.airbus.com/en/careers,WORKING,"fine, runs on workday (no connector yet)",
Avio Aero (GE Aerospace),Defense & Aerospace,https://www.geaerospace.com/careers,WORKING,"fine, but JavaScript-rendered — use --browser",
Avio S.p.A.,Defense & Aerospace,https://www.avio.com/careers,WORKING,"fine, but JavaScript-rendered — use --browser",
BAE Systems,Defense & Aerospace,https://www.baesystems.com/en/careers,WORKING,"fine, but JavaScript-rendered — use --browser",
BAE Systems Hagglunds,Defense & Aerospace,https://www.baesystems.com/en/careers,WORKING,"fine, but JavaScript-rendered — use --browser",
Babcock International,Defense & Aerospace,https://www.babcockinternational.com/careers/,WORKING,"403 to a script, but fine in a browser",
Beretta Defence Technologies,Defense & Aerospace,https://www.beretta.com/en/careers,WORKING,"403 to a script, but fine in a browser",
Boeing,Defense & Aerospace,https://jobs.boeing.com,WORKING,"fine, runs on workday (no connector yet)",
CS Group,Defense & Aerospace,https://www.csgroup.eu/en/careers,WORKING,"fine, runs on smartrecruiters (no connector yet)",
Collins Aerospace,Defense & Aerospace,https://careers.rtx.com,WORKING,"fine, but JavaScript-rendered — use --browser",
Czechoslovak Group (CSG),Defense & Aerospace,https://www.csgroup.cz/en/career/,BROKEN,connection refused,
Damen Shipyards,Defense & Aerospace,https://career.damen.com,WORKING,"fine, runs on workday (no connector yet)",
Dassault Aviation,Defense & Aerospace,https://www.dassault-aviation.com/en/group/careers/,WORKING,"fine, but JavaScript-rendered — use --browser",
Diehl Defence,Defense & Aerospace,https://www.diehl.com/group/en/career/,WORKING,"fine, but JavaScript-rendered — use --browser",
ESG Elektroniksystem,Defense & Aerospace,https://www.esg.de/en/career,WORKING,"fine, but JavaScript-rendered — use --browser",
Elbit Systems,Defense & Aerospace,https://elbitsystems.com/careers/,WORKING,"403 to a script, but fine in a browser",
Elettronica S.p.A.,Defense & Aerospace,https://www.elt.it/en/careers/,BROKEN,domain did not resolve (may be local DNS overload — recheck),
Exail Technologies,Defense & Aerospace,https://exail.com/careers/,WORKING,"fine, but JavaScript-rendered — use --browser",
FN Herstal,Defense & Aerospace,https://www.fnherstal.com/careers,BROKEN,"404 — URL is wrong, needs replacing",
Fincantieri,Defense & Aerospace,https://www.fincantieri.com/en/careers/,BROKEN,"404 — URL is wrong, needs replacing",
General Dynamics European Land Systems,Defense & Aerospace,https://www.gdels.com/careers.php,WORKING,"403 to a script, but fine in a browser",
Hanwha Europe,Defense & Aerospace,https://www.hanwha.com/en/careers.html,WORKING,"fine, but JavaScript-rendered — use --browser",
Hensoldt,Defense & Aerospace,https://www.hensoldt.net/career,WORKING,"fine, but JavaScript-rendered — use --browser",
IABG,Defense & Aerospace,https://www.iabg.de/en/career,BROKEN,"404 — URL is wrong, needs replacing",
Indra Sistemas,Defense & Aerospace,https://www.indracompany.com/en/talent,BROKEN,domain did not resolve (may be local DNS overload — recheck),
Israel Aerospace Industries,Defense & Aerospace,https://www.iai.co.il/careers,SUSPECT,HTTP 247,
Iveco Defence Vehicles,Defense & Aerospace,https://www.iveco-group.com/careers,BROKEN,"404 — URL is wrong, needs replacing",
John Cockerill Defense,Defense & Aerospace,https://johncockerill.com/en/careers/,WORKING,"403 to a script, but fine in a browser",
KNDS (KMW+Nexter),Defense & Aerospace,https://www.knds.com/career/,BROKEN,"404 — URL is wrong, needs replacing",
Kongsberg Gruppen,Defense & Aerospace,https://www.kongsberg.com/careers/,WORKING,"fine, but JavaScript-rendered — use --browser",
L3Harris,Defense & Aerospace,https://careers.l3harris.com,WORKING,"fine, but JavaScript-rendered — use --browser",
Leonardo DRS,Defense & Aerospace,https://www.leonardodrs.com/careers/,WORKING,"403 to a script, but fine in a browser",
Leonardo S.p.A.,Defense & Aerospace,https://www.leonardo.com/en/careers,WORKING,"fine, but JavaScript-rendered — use --browser",
Lockheed Martin,Defense & Aerospace,https://www.lockheedmartinjobs.com,WORKING,"fine, but JavaScript-rendered — use --browser",
MBDA,Defense & Aerospace,https://www.mbda-careers.com,BROKEN,domain did not resolve (may be local DNS overload — recheck),
MBDA Italia,Defense & Aerospace,https://www.mbda-careers.com,BROKEN,domain did not resolve (may be local DNS overload — recheck),
Nammo,Defense & Aerospace,https://www.nammo.com/career/,WORKING,"fine, but JavaScript-rendered — use --browser",
Naval Group,Defense & Aerospace,https://careers.naval-group.com,BROKEN,domain did not resolve (may be local DNS overload — recheck),
Navantia,Defense & Aerospace,https://www.navantia.es/en/talent/,BROKEN,"404 — URL is wrong, needs replacing",
Nexter Robotics,Defense & Aerospace,https://www.knds.com/career/,SUSPECT,timed out,
Northrop Grumman,Defense & Aerospace,https://www.northropgrumman.com/jobs,WORKING,"fine, but JavaScript-rendered — use --browser",
PGZ - Polska Grupa Zbrojeniowa,Defense & Aerospace,https://pgzsa.pl/kariera,WORKING,"fine, but JavaScript-rendered — use --browser",
Patria,Defense & Aerospace,https://www.patriagroup.com/careers,WORKING,"fine, but JavaScript-rendered — use --browser",
QinetiQ,Defense & Aerospace,https://careers.qinetiq.com,WORKING,"fine, runs on successfactors (no connector yet)",
RTX (Raytheon),Defense & Aerospace,https://careers.rtx.com,WORKING,"fine, but JavaScript-rendered — use --browser",
RUAG MRO,Defense & Aerospace,https://www.ruag.ch/en/careers,BROKEN,"404 — URL is wrong, needs replacing",
RWM Italia / Rheinmetall Italia,Defense & Aerospace,https://www.rheinmetall.com/en/career,WORKING,"fine, but JavaScript-rendered — use --browser",
Rafael Advanced Defense Systems,Defense & Aerospace,https://www.rafael.co.il/careers/,SUSPECT,HTTP 247,
Rheinmetall,Defense & Aerospace,https://www.rheinmetall.com/en/career,WORKING,"fine, but JavaScript-rendered — use --browser",
Rohde & Schwarz,Defense & Aerospace,https://www.rohde-schwarz.com/careers,WORKING,"fine, but JavaScript-rendered — use --browser",
Rolls-Royce,Defense & Aerospace,https://careers.rolls-royce.com,WORKING,"fine, but JavaScript-rendered — use --browser",
Saab,Defense & Aerospace,https://www.saab.com/career,WORKING,"fine, but JavaScript-rendered — use --browser",
Saab Kockums,Defense & Aerospace,https://www.saab.com/career,WORKING,"fine, but JavaScript-rendered — use --browser",
Saab Netherlands,Defense & Aerospace,https://www.saab.com/career,WORKING,"fine, but JavaScript-rendered — use --browser",
Safran,Defense & Aerospace,https://www.safran-group.com/careers,WORKING,"403 to a script, but fine in a browser",
Safran Electronics & Defense,Defense & Aerospace,https://www.safran-group.com/careers,WORKING,"403 to a script, but fine in a browser",
Terma,Defense & Aerospace,https://www.terma.com/careers/,WORKING,"403 to a script, but fine in a browser",
Thales Belgium,Defense & Aerospace,https://careers.thalesgroup.com,WORKING,"fine, but JavaScript-rendered — use --browser",
Thales Nederland,Defense & Aerospace,https://careers.thalesgroup.com,WORKING,"fine, but JavaScript-rendered — use --browser",
WB Group,Defense & Aerospace,https://www.wbgroup.pl/en/career/,WORKING,"fine, but JavaScript-rendered — use --browser",
ACER,Institutions & Agencies,https://www.acer.europa.eu/the-agency/working-acer,BROKEN,"404 — URL is wrong, needs replacing",
ANSSI (France),Institutions & Agencies,https://cyber.gouv.fr/nous-rejoindre,WORKING,"403 to a script, but fine in a browser",
Agenzia Spaziale Italiana (ASI),Institutions & Agencies,https://www.asi.it/lavora-con-noi/,BROKEN,"404 — URL is wrong, needs replacing",
Agenzia per la Cybersicurezza Nazionale (ACN),Institutions & Agencies,https://www.acn.gov.it/portale/lavora-con-noi,WORKING,"fine, but JavaScript-rendered — use --browser",
BSI (Germany),Institutions & Agencies,https://www.bsi.bund.de/EN/Karriere,WORKING,"fine, but JavaScript-rendered — use --browser",
Banca Centrale Europea (BCE),Institutions & Agencies,https://www.ecb.europa.eu/careers/html/index.en.html,WORKING,"fine, but JavaScript-rendered — use --browser",
Banca Europea per gli Investimenti (BEI),Institutions & Agencies,https://www.eib.org/en/about/jobs/,WORKING,"fine, but JavaScript-rendered — use --browser",
CCN-CERT / CNI (Spain),Institutions & Agencies,https://www.cni.es/empleo,BROKEN,"404 — URL is wrong, needs replacing",
CEPOL,Institutions & Agencies,https://www.cepol.europa.eu/who-we-are/vacancies,BROKEN,"404 — URL is wrong, needs replacing",
CINEA,Institutions & Agencies,https://eu-careers.europa.eu,WORKING,"fine, runs on eu-careers (no connector yet)",
CNES,Institutions & Agencies,https://recrutement.cnes.fr,WORKING,"fine, but JavaScript-rendered — use --browser",
Chips Joint Undertaking,Institutions & Agencies,https://eu-careers.europa.eu,WORKING,"fine, runs on eu-careers (no connector yet)",
Clean Aviation JU,Institutions & Agencies,https://www.clean-aviation.eu/vacancies,WORKING,"fine, but JavaScript-rendered — use --browser",
Consiglio d'Europa,Institutions & Agencies,https://www.coe.int/en/web/jobs,WORKING,"403 to a script, but fine in a browser",
Consiglio dell'Unione Europea,Institutions & Agencies,https://www.consilium.europa.eu/en/general-secretariat/jobs/,WORKING,"403 to a script, but fine in a browser",
DG CNECT,Institutions & Agencies,https://eu-careers.europa.eu,WORKING,"fine, runs on eu-careers (no connector yet)",
DLR,Institutions & Agencies,https://www.dlr.de/en/careers,WORKING,"fine, but JavaScript-rendered — use --browser",
EASA,Institutions & Agencies,https://www.easa.europa.eu/en/the-agency/careers-easa,BROKEN,"404 — URL is wrong, needs replacing",
EBA - European Banking Authority,Institutions & Agencies,https://www.eba.europa.eu/about-us/careers,WORKING,"fine, runs on eu-careers (no connector yet)",
EBRD,Institutions & Agencies,https://www.ebrd.com/careers,BROKEN,"404 — URL is wrong, needs replacing",
ECDC,Institutions & Agencies,https://www.ecdc.europa.eu/en/about-us/work-us,BROKEN,"404 — URL is wrong, needs replacing",
EDPS,Institutions & Agencies,https://www.edps.europa.eu/about-edps/recruitment_en,WORKING,"403 to a script, but fine in a browser",
EEAS - European External Action Service,Institutions & Agencies,https://www.eeas.europa.eu/eeas/vacancies_en,WORKING,"fine, runs on eu-careers (no connector yet)",
EIC - European Innovation Council,Institutions & Agencies,https://eu-careers.europa.eu,WORKING,"fine, runs on eu-careers (no connector yet)",
EIOPA,Institutions & Agencies,https://www.eiopa.europa.eu/about/careers_en,WORKING,"fine, but JavaScript-rendered — use --browser",
EISMEA,Institutions & Agencies,https://eu-careers.europa.eu,WORKING,"fine, runs on eu-careers (no connector yet)",
EIT / EIT Digital,Institutions & Agencies,https://eit.europa.eu/who-we-are/careers,BROKEN,"404 — URL is wrong, needs replacing",
EMA - European Medicines Agency,Institutions & Agencies,https://careers.ema.europa.eu,WORKING,"fine, runs on successfactors (no connector yet)",
EPO - European Patent Office,Institutions & Agencies,https://jobs.epo.org,WORKING,"fine, runs on successfactors (no connector yet)",
EPPO - European Public Prosecutor's Office,Institutions & Agencies,https://www.eppo.europa.eu/en/careers,WORKING,"fine, but JavaScript-rendered — use --browser",
ERA - EU Agency for Railways,Institutions & Agencies,https://www.era.europa.eu/agency/recruitment_en,WORKING,"fine, but JavaScript-rendered — use --browser",
ERC - European Research Council,Institutions & Agencies,https://erc.europa.eu/about-erc/careers,WORKING,"fine, runs on eu-careers (no connector yet)",
ESM - European Stability Mechanism,Institutions & Agencies,https://www.esm.europa.eu/careers,WORKING,"fine, but JavaScript-rendered — use --browser",
ESMA,Institutions & Agencies,https://www.esma.europa.eu/about-esma/careers,WORKING,"fine, runs on eu-careers (no connector yet)",
EUMETSAT,Institutions & Agencies,https://www.eumetsat.int/careers,WORKING,"fine, but JavaScript-rendered — use --browser",
EuroHPC Joint Undertaking,Institutions & Agencies,https://eurohpc-ju.europa.eu/about/vacancies_en,WORKING,"fine, but JavaScript-rendered — use --browser",
Eurojust,Institutions & Agencies,https://www.eurojust.europa.eu/careers,BROKEN,"404 — URL is wrong, needs replacing",
Frontex,Institutions & Agencies,https://www.frontex.europa.eu/careers/,WORKING,"fine, but JavaScript-rendered — use --browser",
Fusion for Energy (F4E),Institutions & Agencies,https://fusionforenergy.europa.eu/careers/,WORKING,"403 to a script, but fine in a browser",
HaDEA,Institutions & Agencies,https://eu-careers.europa.eu,WORKING,"fine, runs on eu-careers (no connector yet)",
IAEA,Institutions & Agencies,https://www.iaea.org/careers,WORKING,"403 to a script, but fine in a browser",
ITER Organization,Institutions & Agencies,https://www.iter.org/jobs,WORKING,"fine, but JavaScript-rendered — use --browser",
ITU,Institutions & Agencies,https://www.itu.int/en/careers,WORKING,"fine, runs on successfactors (no connector yet)",
JRC - Joint Research Centre,Institutions & Agencies,https://joint-research-centre.ec.europa.eu/working-us_en,WORKING,"fine, but JavaScript-rendered — use --browser",
Ministero della Difesa - Segretariato Generale/DNA,Institutions & Agencies,https://concorsi.difesa.it,WORKING,"fine, but JavaScript-rendered — use --browser",
NASA,Institutions & Agencies,https://www.nasa.gov/careers/,WORKING,"fine, but JavaScript-rendered — use --browser",
NATO ACT - Allied Command Transformation,Institutions & Agencies,https://www.act.nato.int/careers/,WORKING,"403 to a script, but fine in a browser",
NATO CCDCOE,Institutions & Agencies,https://ccdcoe.org/vacancies/,BROKEN,"404 — URL is wrong, needs replacing",
NATO HQ,Institutions & Agencies,https://www.nato.int/cps/en/natolive/recruit-hq-e.htm,BROKEN,"404 — URL is wrong, needs replacing",
NATO STO - Science & Technology Organization,Institutions & Agencies,https://www.sto.nato.int/Pages/vacancies.aspx,WORKING,"403 to a script, but fine in a browser",
NCSC UK,Institutions & Agencies,https://www.gchq-careers.co.uk,WORKING,"fine, but JavaScript-rendered — use --browser",
NCSC-NL,Institutions & Agencies,https://www.werkenvoornederland.nl,WORKING,"fine, but JavaScript-rendered — use --browser",
NSPA - NATO Support and Procurement Agency,Institutions & Agencies,https://www.nspa.nato.int/careers,WORKING,"403 to a script, but fine in a browser",
Nazioni Unite,Institutions & Agencies,https://careers.un.org,WORKING,"fine, but JavaScript-rendered — use --browser",
Netherlands Space Office,Institutions & Agencies,https://www.spaceoffice.nl/nl/over-nso/werken-bij-nso/,SUSPECT,timed out,
OCCAR,Institutions & Agencies,https://www.occar.int/careers,WORKING,"403 to a script, but fine in a browser",
OCSE (OECD),Institutions & Agencies,https://www.oecd.org/careers/,WORKING,"403 to a script, but fine in a browser",
OPCW,Institutions & Agencies,https://www.opcw.org/careers,BROKEN,"404 — URL is wrong, needs replacing",
OSCE,Institutions & Agencies,https://jobs.osce.org,WORKING,"fine, but JavaScript-rendered — use --browser",
Parlamento Europeo,Institutions & Agencies,https://ep-stages.gestmax.eu,WORKING,"fine, but JavaScript-rendered — use --browser",
SESAR 3 Joint Undertaking,Institutions & Agencies,https://www.sesarju.eu/vacancies,BROKEN,"404 — URL is wrong, needs replacing",
SHAPE / NATO Allied Command Operations,Institutions & Agencies,https://www.nato.int/cps/en/natolive/recruit-hq-e.htm,BROKEN,"404 — URL is wrong, needs replacing",
Sistema di Informazione per la Sicurezza (DIS/AISE/AISI),Institutions & Agencies,https://www.sicurezzanazionale.gov.it/sisr.nsf/lavora-con-noi.html,WORKING,"fine, but JavaScript-rendered — use --browser",
UK Space Agency,Institutions & Agencies,https://www.civilservicejobs.service.gov.uk,WORKING,"fine, but JavaScript-rendered — use --browser",
UNIDIR,Institutions & Agencies,https://unidir.org/vacancies/,BROKEN,"404 — URL is wrong, needs replacing",
UNOOSA,Institutions & Agencies,https://careers.un.org,WORKING,"fine, but JavaScript-rendered — use --browser",
WIPO,Institutions & Agencies,https://www.wipo.int/jobs/en/,WORKING,"fine, runs on taleo (no connector yet)",
Antler,Programs & Competitions,https://www.antler.co/apply,WORKING,"fine, but JavaScript-rendered — use --browser",
EURAXESS,Programs & Competitions,https://euraxess.ec.europa.eu/jobs/search,WORKING,"fine, but JavaScript-rendered — use --browser",
Entrepreneur First,Programs & Competitions,https://www.joinef.com/apply/,BROKEN,"404 — URL is wrong, needs replacing",
Fulbright Italia,Programs & Competitions,https://www.fulbright.it/borse-di-studio/,BROKEN,"404 — URL is wrong, needs replacing",
Marie Sklodowska-Curie Actions,Programs & Competitions,https://euraxess.ec.europa.eu/jobs,WORKING,"fine, but JavaScript-rendered — use --browser",
NATO Internship Programme,Programs & Competitions,https://www.nato.int/cps/en/natolive/71157.htm,BROKEN,"404 — URL is wrong, needs replacing",
Schwarzman Scholars,Programs & Competitions,https://www.schwarzmanscholars.org/admissions/,WORKING,"403 to a script, but fine in a browser",
Y Combinator,Programs & Competitions,https://www.ycombinator.com/apply,WORKING,"fine, but JavaScript-rendered — use --browser",
AAC Clyde Space,Space Economy,https://www.aac-clyde.space/careers,WORKING,"fine, but JavaScript-rendered — use --browser",
ATG Europe,Space Economy,https://www.atg-europe.com/careers,BROKEN,"404 — URL is wrong, needs replacing",
Aerospacelab,Space Economy,https://www.aerospacelab.com/careers,BROKEN,"404 — URL is wrong, needs replacing",
Airbus Crisa,Space Economy,https://www.airbus.com/en/careers,WORKING,"fine, runs on workday (no connector yet)",
Alen Space,Space Economy,https://alen.space/careers/,WORKING,"fine, but JavaScript-rendered — use --browser",
Alpine Space Ventures,Space Economy,https://alpinespaceventures.com,WORKING,"fine, but JavaScript-rendered — use --browser",
Argotec,Space Economy,https://www.argotec.it/careers/,SUSPECT,TLS certificate misconfigured,
ArianeGroup,Space Economy,https://www.ariane.group/en/careers/,WORKING,"fine, runs on workday (no connector yet)",
Arianespace,Space Economy,https://www.ariane.group/en/careers/,WORKING,"fine, runs on workday (no connector yet)",
Astroscale,Space Economy,https://astroscale.com/careers/,WORKING,"fine, but JavaScript-rendered — use --browser",
Aurora Technology,Space Economy,https://www.aurora.nl/vacancies,BROKEN,"404 — URL is wrong, needs replacing",
Avio (Vega),Space Economy,https://www.avio.com/careers,WORKING,"fine, but JavaScript-rendered — use --browser",
Beyond Gravity (RUAG Space),Space Economy,https://www.beyondgravity.com/careers,WORKING,"fine, but JavaScript-rendered — use --browser",
Cailabs,Space Economy,https://www.cailabs.com/en/careers/,WORKING,"fine, but JavaScript-rendered — use --browser",
ClearSpace,Space Economy,https://clearspace.today/careers,BROKEN,"404 — URL is wrong, needs replacing",
Constellation Technologies & Operations,Space Economy,https://constellation.tech,BROKEN,domain did not resolve (may be local DNS overload — recheck),
Creotech Instruments,Space Economy,https://creotech.pl/en/career/,WORKING,"fine, but JavaScript-rendered — use --browser",
D-Orbit,Space Economy,https://www.dorbit.space/careers,SUSPECT,TLS certificate misconfigured,
DCubed,Space Economy,https://dcubed.space/careers,WORKING,"fine, runs on teamtailor (no connector yet)",
Dawn Aerospace,Space Economy,https://www.dawnaerospace.com/careers,WORKING,"fine, but JavaScript-rendered — use --browser",
Deimos (Elecnor),Space Economy,https://www.elecnor-deimos.com/careers/,BROKEN,"404 — URL is wrong, needs replacing",
ESA BIC (incubators),Space Economy,https://commercialisation.esa.int/startups/,WORKING,"fine, but JavaScript-rendered — use --browser",
Exotrail,Space Economy,https://exotrail.com/careers/,WORKING,"fine, but JavaScript-rendered — use --browser",
Expand Capital / OTB Ventures,Space Economy,https://otb.vc,WORKING,"fine, but JavaScript-rendered — use --browser",
GomSpace,Space Economy,https://gomspace.com/careers.aspx,WORKING,"fine, but JavaScript-rendered — use --browser",
HE Space Operations,Space Economy,https://www.hespace.com/vacancies,WORKING,"fine, runs on smartrecruiters (no connector yet)",
HyImpulse,Space Economy,https://www.hyimpulse.de/en/career,BROKEN,"404 — URL is wrong, needs replacing",
Hyperion Technologies,Space Economy,https://hyperiontechnologies.nl,WORKING,"fine, but JavaScript-rendered — use --browser",
ICEYE Polska,Space Economy,https://www.iceye.com/careers,WORKING,"fine, but JavaScript-rendered — use --browser",
ISISPACE Group,Space Economy,https://www.isispace.nl/careers/,BROKEN,"404 — URL is wrong, needs replacing",
Iceye,Space Economy,https://www.iceye.com/careers,WORKING,"fine, but JavaScript-rendered — use --browser",
Indra Space,Space Economy,https://www.indracompany.com/en/talent,BROKEN,domain did not resolve (may be local DNS overload — recheck),
Infinite Orbits,Space Economy,https://www.infiniteorbits.io/careers,BROKEN,"404 — URL is wrong, needs replacing",
Intelsat,Space Economy,https://www.intelsat.com/careers/,BROKEN,"404 — URL is wrong, needs replacing",
Isar Aerospace,Space Economy,https://www.isaraerospace.com/careers,BROKEN,"404 — URL is wrong, needs replacing",
KP Labs,Space Economy,https://kplabs.space/careers/,BROKEN,"404 — URL is wrong, needs replacing",
Karman+,Space Economy,https://karmanplus.com,WORKING,"fine, but JavaScript-rendered — use --browser",
Kayhan Space,Space Economy,https://kayhan.space/careers,WORKING,"fine, but JavaScript-rendered — use --browser",
Kineis,Space Economy,https://www.kineis.com/en/careers/,WORKING,"fine, but JavaScript-rendered — use --browser",
LSE Space (ATG Group),Space Economy,https://www.lsespace.com/careers/,BROKEN,"404 — URL is wrong, needs replacing",
Latitude,Space Economy,https://www.latitude.eu/careers,WORKING,"fine, but JavaScript-rendered — use --browser",
Leaf Space,Space Economy,https://leaf.space/careers/,WORKING,"fine, runs on teamtailor (no connector yet)",
Leanspace,Space Economy,https://www.leanspace.io/careers,WORKING,"fine, but JavaScript-rendered — use --browser",
Loft Orbital,Space Economy,https://www.loftorbital.com/careers,WORKING,"403 to a script, but fine in a browser",
Nedaero,Space Economy,https://nedaero.com,WORKING,"fine, but JavaScript-rendered — use --browser",
Neuraspace,Space Economy,https://www.neuraspace.com/careers,WORKING,"fine, but JavaScript-rendered — use --browser",
OHB SE,Space Economy,https://www.ohb.de/en/careers,BROKEN,"404 — URL is wrong, needs replacing",
OKAPI:Orbits,Space Economy,https://okapiorbits.com/career,BROKEN,"404 — URL is wrong, needs replacing",
Open Cosmos,Space Economy,https://www.open-cosmos.com/careers,WORKING,"fine, but JavaScript-rendered — use --browser",
Orbex,Space Economy,https://orbex.space/careers,SUSPECT,HTTP 502,
PLD Space,Space Economy,https://pldspace.com/en/careers,SUSPECT,TLS certificate misconfigured,
Planet Labs,Space Economy,https://www.planet.com/company/careers/,WORKING,"fine, but JavaScript-rendered — use --browser",
Prometheé Earth Intelligence,Space Economy,https://www.promethee.space,BROKEN,connection refused,
Redu Space Services,Space Economy,https://www.redu-space-services.eu,BROKEN,domain did not resolve (may be local DNS overload — recheck),
Redwire Space Europe,Space Economy,https://redwirespace.com/careers/,WORKING,"fine, but JavaScript-rendered — use --browser",
Reflex Aerospace,Space Economy,https://reflexaerospace.com/careers,WORKING,"fine, runs on personio (no connector yet)",
Rocket Factory Augsburg (RFA),Space Economy,https://www.rfa.space/careers/,WORKING,"fine, but JavaScript-rendered — use --browser",
SENER Aeroespacial,Space Economy,https://www.grupo.sener/careers/,BROKEN,domain did not resolve (may be local DNS overload — recheck),
Sateliot,Space Economy,https://sateliot.space/careers/,BROKEN,"404 — URL is wrong, needs replacing",
Satellogic,Space Economy,https://satellogic.com/careers/,WORKING,"fine, but JavaScript-rendered — use --browser",
Scanway,Space Economy,https://scanway.space/career/,WORKING,"fine, but JavaScript-rendered — use --browser",
Science & Technology AS,Space Economy,https://www.stcorp.no/careers,BROKEN,"404 — URL is wrong, needs replacing",
Seraphim Space,Space Economy,https://seraphim.vc/careers,BROKEN,"404 — URL is wrong, needs replacing",
Serco Europe,Space Economy,https://careers.serco.com,WORKING,"fine, but JavaScript-rendered — use --browser",
Share My Space,Space Economy,https://www.sharemyspace.space,BROKEN,domain did not resolve (may be local DNS overload — recheck),
Sidereus Space Dynamics,Space Economy,https://sidereus.space/careers,BROKEN,"404 — URL is wrong, needs replacing",
Skyrora,Space Economy,https://www.skyrora.com/careers,BROKEN,"404 — URL is wrong, needs replacing",
Space Applications Services,Space Economy,https://www.spaceapplications.com/careers/,WORKING,"fine, but JavaScript-rendered — use --browser",
Spacebel,Space Economy,https://www.spacebel.com/jobs/,BROKEN,"404 — URL is wrong, needs replacing",
Spire Global,Space Economy,https://spire.com/careers/,WORKING,"403 to a script, but fine in a browser",
Startical,Space Economy,https://startical.com,WORKING,"fine, but JavaScript-rendered — use --browser",
Telespazio,Space Economy,https://www.telespazio.com/en/careers,WORKING,"fine, but JavaScript-rendered — use --browser",
Telespazio Germany,Space Economy,https://www.telespazio.com/en/careers,WORKING,"fine, but JavaScript-rendered — use --browser",
Tesat-Spacecom (Airbus),Space Economy,https://www.tesat.de/career,WORKING,"fine, runs on workday (no connector yet)",
Thales Alenia Space Espana,Space Economy,https://careers.thalesgroup.com,WORKING,"fine, but JavaScript-rendered — use --browser",
ThrustMe,Space Economy,https://www.thrustme.fr/careers,WORKING,"fine, but JavaScript-rendered — use --browser",
UARX Space,Space Economy,https://uarx.com,WORKING,"fine, but JavaScript-rendered — use --browser",
Viasat,Space Economy,https://careers.viasat.com,WORKING,"fine, runs on icims (no connector yet)",
Vitrociset (Leonardo),Space Economy,https://www.leonardo.com/en/careers,WORKING,"fine, but JavaScript-rendered — use --browser",
e-GEOS,Space Economy,https://www.e-geos.it/#/careers,WORKING,"fine, but JavaScript-rendered — use --browser",
Bruegel,Think Tank & Policy,https://www.bruegel.org/about/jobs,BROKEN,"404 — URL is wrong, needs replacing",
CEPS,Think Tank & Policy,https://www.ceps.eu/jobs/,WORKING,"403 to a script, but fine in a browser",
Carnegie Europe,Think Tank & Policy,https://carnegieendowment.org/about/employment,WORKING,"fine, but JavaScript-rendered — use --browser",
Chatham House,Think Tank & Policy,https://www.chathamhouse.org/about-us/careers,WORKING,"403 to a script, but fine in a browser",
DGAP,Think Tank & Policy,https://dgap.org/en/jobs,WORKING,"fine, but JavaScript-rendered — use --browser",
ECFR - European Council on Foreign Relations,Think Tank & Policy,https://ecfr.eu/about/jobs/,WORKING,"fine, runs on personio (no connector yet)",
Egmont Institute,Think Tank & Policy,https://www.egmontinstitute.be,WORKING,"fine, but JavaScript-rendered — use --browser",
European Cyber Conflict Research Initiative,Think Tank & Policy,https://eccri.eu,BROKEN,domain did not resolve (may be local DNS overload — recheck),
Fondation pour la Recherche Strategique,Think Tank & Policy,https://www.frstrategie.org,SUSPECT,TLS certificate misconfigured,
Fondazione Leonardo,Think Tank & Policy,https://www.fondazioneleonardo-cdm.com,WORKING,"fine, but JavaScript-rendered — use --browser",
Friends of Europe,Think Tank & Policy,https://www.friendsofeurope.org/about/careers/,BROKEN,"404 — URL is wrong, needs replacing",
GMF - German Marshall Fund,Think Tank & Policy,https://www.gmfus.org/careers,WORKING,"fine, but JavaScript-rendered — use --browser",
IAI - Istituto Affari Internazionali,Think Tank & Policy,https://www.iai.it/it/lavora-con-noi,BROKEN,"404 — URL is wrong, needs replacing",
IFRI,Think Tank & Policy,https://www.ifri.org/en/recrutement,BROKEN,"404 — URL is wrong, needs replacing",
IISS,Think Tank & Policy,https://www.iiss.org/careers/,WORKING,"fine, but JavaScript-rendered — use --browser",
ISPI,Think Tank & Policy,https://www.ispionline.it/it/lavora-con-noi,WORKING,"fine, but JavaScript-rendered — use --browser",
RAND Europe,Think Tank & Policy,https://www.rand.org/jobs.html,WORKING,"403 to a script, but fine in a browser",
Real Instituto Elcano,Think Tank & Policy,https://www.realinstitutoelcano.org,WORKING,"fine, but JavaScript-rendered — use --browser",
SIPRI,Think Tank & Policy,https://www.sipri.org/about/vacancies,WORKING,"fine, but JavaScript-rendered — use --browser",
SWP - German Institute for International and Security Affairs,Think Tank & Policy,https://www.swp-berlin.org/en/jobs,BROKEN,"404 — URL is wrong, needs replacing",
Adyen,Big Tech & AI,https://careers.adyen.com,WORKING,"fine, but JavaScript-rendered — use --browser",
Aleph Alpha,Big Tech & AI,https://aleph-alpha.com/careers/,BROKEN,"404 — URL is wrong, needs replacing",
Amazon / AWS,Big Tech & AI,https://www.amazon.jobs,WORKING,"fine, but JavaScript-rendered — use --browser",
Anthropic,Big Tech & AI,https://www.anthropic.com/careers,WORKING,"fine, but JavaScript-rendered — use --browser",
Apple,Big Tech & AI,https://jobs.apple.com,WORKING,"fine, but JavaScript-rendered — use --browser",
Backbase,Big Tech & AI,https://backbase.com/careers,WORKING,"fine, but JavaScript-rendered — use --browser",
Bending Spoons,Big Tech & AI,https://jobs.bendingspoons.com,WORKING,"fine, but JavaScript-rendered — use --browser",
Black Forest Labs,Big Tech & AI,https://blackforestlabs.ai/careers/,WORKING,"fine, but JavaScript-rendered — use --browser",
Booking.com,Big Tech & AI,https://careers.booking.com,WORKING,"fine, runs on icims (no connector yet)",
Databricks,Big Tech & AI,https://www.databricks.com/company/careers,WORKING,"fine, but JavaScript-rendered — use --browser",
Datadog,Big Tech & AI,https://careers.datadoghq.com,WORKING,"fine, but JavaScript-rendered — use --browser",
ElevenLabs,Big Tech & AI,https://elevenlabs.io/careers,WORKING,"fine, but JavaScript-rendered — use --browser",
Google / Alphabet,Big Tech & AI,https://www.google.com/about/careers/applications/,WORKING,"fine, but JavaScript-rendered — use --browser",
Google DeepMind,Big Tech & AI,https://deepmind.google/about/careers/,WORKING,"fine, but JavaScript-rendered — use --browser",
Hugging Face,Big Tech & AI,https://apply.workable.com/huggingface/,WORKING,"fine, runs on workable (no connector yet)",
Klarna,Big Tech & AI,https://www.klarna.com/careers/,WORKING,"fine, but JavaScript-rendered — use --browser",
Kyutai,Big Tech & AI,https://kyutai.org,WORKING,"fine, but JavaScript-rendered — use --browser",
Lovable,Big Tech & AI,https://lovable.dev/careers,WORKING,"fine, but JavaScript-rendered — use --browser",
Meta,Big Tech & AI,https://www.metacareers.com,WORKING,"fine, runs on workday (no connector yet)",
Microsoft,Big Tech & AI,https://careers.microsoft.com,WORKING,"fine, but JavaScript-rendered — use --browser",
Mistral AI,Big Tech & AI,https://jobs.lever.co/mistral,BROKEN,"404 — URL is wrong, needs replacing",
Mollie,Big Tech & AI,https://jobs.mollie.com,WORKING,"fine, but JavaScript-rendered — use --browser",
NVIDIA,Big Tech & AI,https://www.nvidia.com/en-us/about-nvidia/careers/,WORKING,"fine, but JavaScript-rendered — use --browser",
Netflix,Big Tech & AI,https://jobs.netflix.com,WORKING,"fine, but JavaScript-rendered — use --browser",
OpenAI,Big Tech & AI,https://openai.com/careers/,WORKING,"403 to a script, but fine in a browser",
PhysicsX,Big Tech & AI,https://www.physicsx.ai/careers,WORKING,"fine, but JavaScript-rendered — use --browser",
Picnic,Big Tech & AI,https://jobs.picnic.app,WORKING,"fine, but JavaScript-rendered — use --browser",
Poolside,Big Tech & AI,https://poolside.ai/careers,WORKING,"fine, but JavaScript-rendered — use --browser",
Revolut,Big Tech & AI,https://www.revolut.com/careers/,WORKING,"403 to a script, but fine in a browser",
SAP,Big Tech & AI,https://jobs.sap.com,WORKING,"fine, runs on successfactors (no connector yet)",
Silo AI (AMD),Big Tech & AI,https://www.silo.ai/careers,SUSPECT,timed out,
Snowflake,Big Tech & AI,https://careers.snowflake.com,WORKING,"fine, but JavaScript-rendered — use --browser",
Spotify,Big Tech & AI,https://www.lifeatspotify.com,WORKING,"fine, but JavaScript-rendered — use --browser",
Stripe,Big Tech & AI,https://stripe.com/jobs,WORKING,"fine, but JavaScript-rendered — use --browser",
Synthesia,Big Tech & AI,https://www.synthesia.io/careers,WORKING,"fine, but JavaScript-rendered — use --browser",
Wayve,Big Tech & AI,https://wayve.ai/careers/,WORKING,"fine, but JavaScript-rendered — use --browser",
Amprion,Energy & Infrastructure,https://www.amprion.net/Karriere/,BROKEN,"404 — URL is wrong, needs replacing",
Deutsche Telekom / T-Systems,Energy & Infrastructure,https://www.telekom.com/en/careers,WORKING,"fine, but JavaScript-rendered — use --browser",
EDF,Energy & Infrastructure,https://www.edf.fr/en/careers,WORKING,"403 to a script, but fine in a browser",
Elia Group,Energy & Infrastructure,https://www.eliagroup.eu/en/jobs,WORKING,"403 to a script, but fine in a browser",
Enel,Energy & Infrastructure,https://www.enel.com/careers,WORKING,"fine, but JavaScript-rendered — use --browser",
Eni,Energy & Infrastructure,https://www.eni.com/en-IT/careers.html,WORKING,"fine, but JavaScript-rendered — use --browser",
Framatome,Energy & Infrastructure,https://www.framatome.com/en/careers/,BROKEN,"404 — URL is wrong, needs replacing",
Gasunie,Energy & Infrastructure,https://www.gasunie.nl/en/careers,WORKING,"fine, but JavaScript-rendered — use --browser",
Iberdrola,Energy & Infrastructure,https://www.iberdrola.com/careers,WORKING,"403 to a script, but fine in a browser",
KPN,Energy & Infrastructure,https://jobs.kpn.com,WORKING,"fine, but JavaScript-rendered — use --browser",
Orange,Energy & Infrastructure,https://orange.jobs,WORKING,"fine, but JavaScript-rendered — use --browser",
Orano,Energy & Infrastructure,https://www.orano.group/en/careers,WORKING,"fine, but JavaScript-rendered — use --browser",
Orsted,Energy & Infrastructure,https://orsted.com/en/careers,WORKING,"403 to a script, but fine in a browser",
Port of Rotterdam,Energy & Infrastructure,https://www.portofrotterdam.com/en/careers,BROKEN,"404 — URL is wrong, needs replacing",
Proximus,Energy & Infrastructure,https://www.proximus.com/jobs,WORKING,"fine, but JavaScript-rendered — use --browser",
RWE,Energy & Infrastructure,https://www.rwe.com/en/career/,WORKING,"fine, but JavaScript-rendered — use --browser",
Schiphol Group,Energy & Infrastructure,https://www.werkenbijschiphol.nl,WORKING,"fine, but JavaScript-rendered — use --browser",
Snam,Energy & Infrastructure,https://www.snam.it/it/carriere/,BROKEN,"404 — URL is wrong, needs replacing",
Sparkle,Energy & Infrastructure,https://www.tisparkle.com/careers,BROKEN,"404 — URL is wrong, needs replacing",
Telecom Italia (TIM),Energy & Infrastructure,https://www.gruppotim.it/it/lavora-con-noi.html,WORKING,"fine, but JavaScript-rendered — use --browser",
TenneT,Energy & Infrastructure,https://www.tennet.eu/careers,WORKING,"403 to a script, but fine in a browser",
Terna,Energy & Infrastructure,https://www.terna.it/it/carriere,WORKING,"fine, but JavaScript-rendered — use --browser",
Vattenfall,Energy & Infrastructure,https://careers.vattenfall.com,WORKING,"fine, but JavaScript-rendered — use --browser",
Vodafone,Energy & Infrastructure,https://careers.vodafone.com,WORKING,"fine, but JavaScript-rendered — use --browser",
Banca d'Italia,Finance & Prestige,https://www.bancaditalia.it/chi-siamo/lavorare-bi/,WORKING,"fine, but JavaScript-rendered — use --browser",
Bank for International Settlements,Finance & Prestige,https://www.bis.org/careers/,BROKEN,"404 — URL is wrong, needs replacing",
Cassa Depositi e Prestiti,Finance & Prestige,https://www.cdp.it/sitointernet/it/lavora_con_noi.page,WORKING,"fine, runs on successfactors (no connector yet)",
Citadel / Citadel Securities,Finance & Prestige,https://www.citadel.com/careers/,WORKING,"403 to a script, but fine in a browser",
Da Vinci Derivatives,Finance & Prestige,https://davinciderivatives.com/careers/,BROKEN,domain did not resolve (may be local DNS overload — recheck),
Goldman Sachs,Finance & Prestige,https://www.goldmansachs.com/careers,WORKING,"fine, but JavaScript-rendered — use --browser",
IMC Trading,Finance & Prestige,https://careers.imc.com,WORKING,"fine, but JavaScript-rendered — use --browser",
J.P. Morgan,Finance & Prestige,https://careers.jpmorgan.com,WORKING,"fine, runs on oracle-cloud (no connector yet)",
Jane Street,Finance & Prestige,https://www.janestreet.com/join-jane-street/,WORKING,"fine, but JavaScript-rendered — use --browser",
Optiver,Finance & Prestige,https://optiver.com/working-at-optiver/career-opportunities/,WORKING,"fine, but JavaScript-rendered — use --browser",
Two Sigma,Finance & Prestige,https://careers.twosigma.com,WORKING,"fine, but JavaScript-rendered — use --browser",
Alice & Bob,Quantum & Deep Tech,https://alice-bob.com/careers/,BROKEN,"404 — URL is wrong, needs replacing",
First Light Fusion,Quantum & Deep Tech,https://firstlightfusion.com/careers,WORKING,"fine, but JavaScript-rendered — use --browser",
Gauss Fusion,Quantum & Deep Tech,https://gauss-fusion.com/careers,BROKEN,"404 — URL is wrong, needs replacing",
IQM Quantum Computers,Quantum & Deep Tech,https://www.meetiqm.com/careers/,BROKEN,domain did not resolve (may be local DNS overload — recheck),
Marvel Fusion,Quantum & Deep Tech,https://marvelfusion.com/careers/,WORKING,"fine, but JavaScript-rendered — use --browser",
Multiverse Computing,Quantum & Deep Tech,https://multiversecomputing.com/careers,BROKEN,"404 — URL is wrong, needs replacing",
Pasqal,Quantum & Deep Tech,https://www.pasqal.com/careers/,WORKING,"fine, but JavaScript-rendered — use --browser",
Proxima Fusion,Quantum & Deep Tech,https://www.proximafusion.com/careers,BROKEN,"404 — URL is wrong, needs replacing",
Qblox,Quantum & Deep Tech,https://www.qblox.com/careers,BROKEN,"404 — URL is wrong, needs replacing",
QuTech,Quantum & Deep Tech,https://qutech.nl/careers/,WORKING,"fine, but JavaScript-rendered — use --browser",
Quandela,Quantum & Deep Tech,https://www.quandela.com/careers/,WORKING,"fine, runs on workable (no connector yet)",
Quantinuum,Quantum & Deep Tech,https://www.quantinuum.com/careers,SUSPECT,"page links lever:quantinuum, but that board did not answer",
Renaissance Fusion,Quantum & Deep Tech,https://stellarator.energy/careers,SUSPECT,timed out,
Riverlane,Quantum & Deep Tech,https://www.riverlane.com/careers,WORKING,"403 to a script, but fine in a browser",
Terra Quantum,Quantum & Deep Tech,https://terraquantum.swiss/careers,WORKING,"fine, but JavaScript-rendered — use --browser",
Tokamak Energy,Quantum & Deep Tech,https://www.tokamakenergy.com/careers/,WORKING,"fine, but JavaScript-rendered — use --browser",
newcleo,Quantum & Deep Tech,https://www.newcleo.com/careers/,BROKEN,"404 — URL is wrong, needs replacing",
planqc,Quantum & Deep Tech,https://www.planqc.eu/careers,BROKEN,"404 — URL is wrong, needs replacing",
Alan Turing Institute,Research & Big Science,https://www.turing.ac.uk/work-turing,WORKING,"fine, but JavaScript-rendered — use --browser",
Barcelona Supercomputing Center,Research & Big Science,https://www.bsc.es/join-us,WORKING,"fine, but JavaScript-rendered — use --browser",
CEA,Research & Big Science,https://www.cea.fr/english/Pages/careers.aspx,BROKEN,"404 — URL is wrong, needs replacing",
CERN,Research & Big Science,https://careers.cern,WORKING,"fine, but JavaScript-rendered — use --browser",
CINECA,Research & Big Science,https://www.cineca.it/it/lavora-con-noi,WORKING,"403 to a script, but fine in a browser",
CINI Cybersecurity National Lab,Research & Big Science,https://cybersecnatlab.it,WORKING,"fine, but JavaScript-rendered — use --browser",
CISPA Helmholtz Center for Information Security,Research & Big Science,https://jobs.cispa.saarland,WORKING,"fine, but JavaScript-rendered — use --browser",
CNR,Research & Big Science,https://www.urp.cnr.it/lavora-con-noi,BROKEN,"404 — URL is wrong, needs replacing",
CNRS,Research & Big Science,https://emploi.cnrs.fr,WORKING,"fine, but JavaScript-rendered — use --browser",
CWI - Centrum Wiskunde & Informatica,Research & Big Science,https://www.cwi.nl/en/jobs/,WORKING,"fine, but JavaScript-rendered — use --browser",
DESY,Research & Big Science,https://www.desy.de/career,WORKING,"fine, but JavaScript-rendered — use --browser",
EMBL,Research & Big Science,https://www.embl.org/jobs/,WORKING,"fine, but JavaScript-rendered — use --browser",
ENEA,Research & Big Science,https://www.enea.it/it/lavora-con-noi,SUSPECT,TLS certificate misconfigured,
ESO - European Southern Observatory,Research & Big Science,https://recruitment.eso.org,WORKING,"fine, but JavaScript-rendered — use --browser",
ESRF,Research & Big Science,https://www.esrf.fr/Jobs,WORKING,"fine, but JavaScript-rendered — use --browser",
ESS - European Spallation Source,Research & Big Science,https://europeanspallationsource.se/careers,WORKING,"fine, but JavaScript-rendered — use --browser",
European XFEL,Research & Big Science,https://www.xfel.eu/careers,WORKING,"fine, but JavaScript-rendered — use --browser",
Fondazione Bruno Kessler,Research & Big Science,https://jobs.fbk.eu,WORKING,"fine, but JavaScript-rendered — use --browser",
Forschungszentrum Julich,Research & Big Science,https://www.fz-juelich.de/en/careers,WORKING,"fine, but JavaScript-rendered — use --browser",
Fraunhofer-Gesellschaft,Research & Big Science,https://www.fraunhofer.de/en/jobs-and-career.html,WORKING,"fine, but JavaScript-rendered — use --browser",
GSI / FAIR,Research & Big Science,https://www.gsi.de/en/careers,BROKEN,"404 — URL is wrong, needs replacing",
Helmholtz Association,Research & Big Science,https://www.helmholtz.de/en/career/,WORKING,"fine, but JavaScript-rendered — use --browser",
IIASA,Research & Big Science,https://iiasa.ac.at/jobs,WORKING,"403 to a script, but fine in a browser",
ILL - Institut Laue-Langevin,Research & Big Science,https://www.ill.eu/careers,WORKING,"fine, but JavaScript-rendered — use --browser",
INAF,Research & Big Science,https://www.inaf.it/it/lavora-con-noi,SUSPECT,TLS certificate misconfigured,
INFN,Research & Big Science,https://jobs.dsi.infn.it,WORKING,"fine, but JavaScript-rendered — use --browser",
IRT SystemX,Research & Big Science,https://www.irt-systemx.fr/en/careers/,BROKEN,"404 — URL is wrong, needs replacing",
Inria,Research & Big Science,https://jobs.inria.fr,WORKING,"fine, but JavaScript-rendered — use --browser",
Istituto Italiano di Tecnologia (IIT),Research & Big Science,https://www.iit.it/careers,BROKEN,"404 — URL is wrong, needs replacing",
Leibniz Association,Research & Big Science,https://www.leibniz-gemeinschaft.de/en/careers,BROKEN,"404 — URL is wrong, needs replacing",
Max Planck Society,Research & Big Science,https://www.mpg.de/en/career,WORKING,"fine, but JavaScript-rendered — use --browser",
ONERA,Research & Big Science,https://www.onera.fr/en/jobs,BROKEN,"404 — URL is wrong, needs replacing",
RISE Research Institutes of Sweden,Research & Big Science,https://www.ri.se/en/career,WORKING,"fine, but JavaScript-rendered — use --browser",
Royal NLR,Research & Big Science,https://www.nlr.org/careers/,BROKEN,"404 — URL is wrong, needs replacing",
SCK CEN,Research & Big Science,https://www.sckcen.be/en/jobs,WORKING,"fine, runs on successfactors (no connector yet)",
SINTEF,Research & Big Science,https://www.sintef.no/en/career/,BROKEN,"404 — URL is wrong, needs replacing",
SKA Observatory,Research & Big Science,https://recruitment.skao.int,WORKING,"fine, but JavaScript-rendered — use --browser",
VITO,Research & Big Science,https://vito.be/en/jobs,WORKING,"fine, but JavaScript-rendered — use --browser",
VTT,Research & Big Science,https://www.vttresearch.com/en/careers,WORKING,"fine, but JavaScript-rendered — use --browser",
imec,Research & Big Science,https://www.imec-int.com/en/careers,WORKING,"fine, but JavaScript-rendered — use --browser",
Accenture Security,Tech & Consulting,https://www.accenture.com/us-en/careers,WORKING,"fine, runs on workday (no connector yet)",
Akkodis (Adecco),Tech & Consulting,https://www.akkodis.com/en/careers,WORKING,"fine, but JavaScript-rendered — use --browser",
Alten,Tech & Consulting,https://www.alten.com/careers/,WORKING,"403 to a script, but fine in a browser",
Arthur D. Little,Tech & Consulting,https://www.adlittle.com/en/careers,WORKING,"403 to a script, but fine in a browser",
Atos / Eviden,Tech & Consulting,https://jobs.eviden.com,BROKEN,domain did not resolve (may be local DNS overload — recheck),
Bain & Company,Tech & Consulting,https://www.bain.com/careers/,WORKING,"fine, but JavaScript-rendered — use --browser",
Booz Allen Hamilton,Tech & Consulting,https://careers.boozallen.com,WORKING,"fine, runs on workday (no connector yet)",
Boston Consulting Group,Tech & Consulting,https://careers.bcg.com,WORKING,"fine, but JavaScript-rendered — use --browser",
Capgemini,Tech & Consulting,https://www.capgemini.com/careers/,WORKING,"fine, but JavaScript-rendered — use --browser",
Deloitte Cyber,Tech & Consulting,https://apply.deloitte.com,WORKING,"fine, but JavaScript-rendered — use --browser",
EY Cybersecurity,Tech & Consulting,https://careers.ey.com,WORKING,"fine, runs on successfactors (no connector yet)",
Engineering Ingegneria Informatica,Tech & Consulting,https://www.eng.it/careers,WORKING,"fine, but JavaScript-rendered — use --browser",
Expleo Group,Tech & Consulting,https://expleo.com/global/en/careers/,WORKING,"fine, but JavaScript-rendered — use --browser",
KPMG Cyber,Tech & Consulting,https://kpmg.com/careers,WORKING,"fine, but JavaScript-rendered — use --browser",
Kearney,Tech & Consulting,https://www.kearney.com/careers,WORKING,"403 to a script, but fine in a browser",
McKinsey & Company,Tech & Consulting,https://www.mckinsey.com/careers,SUSPECT,timed out,
Oliver Wyman,Tech & Consulting,https://www.oliverwyman.com/careers.html,WORKING,"fine, but JavaScript-rendered — use --browser",
PwC Cybersecurity,Tech & Consulting,https://www.pwc.com/gx/en/careers.html,WORKING,"fine, but JavaScript-rendered — use --browser",
"Reply (Communication Valley, Spike Reply)",Tech & Consulting,https://www.reply.com/en/careers,BROKEN,"404 — URL is wrong, needs replacing",
Roland Berger,Tech & Consulting,https://www.rolandberger.com/en/Careers/,WORKING,"fine, but JavaScript-rendered — use --browser",
Sopra Steria,Tech & Consulting,https://www.soprasteria.com/careers,WORKING,"fine, runs on smartrecruiters (no connector yet)",
Sopra Steria Benelux,Tech & Consulting,https://www.soprasteria.com/careers,WORKING,"fine, runs on smartrecruiters (no connector yet)",
Strategy& (PwC),Tech & Consulting,https://www.pwc.com/gx/en/careers.html,WORKING,"fine, but JavaScript-rendered — use --browser",
Wavestone,Tech & Consulting,https://www.wavestone.com/en/careers/,WORKING,"fine, but JavaScript-rendered — use --browser",
ABB,Tech & Industry,https://careers.abb,WORKING,"fine, but JavaScript-rendered — use --browser",
ASM International,Tech & Industry,https://www.asm.com/careers,WORKING,"fine, but JavaScript-rendered — use --browser",
Arm,Tech & Industry,https://careers.arm.com,WORKING,"fine, runs on icims (no connector yet)",
BE Semiconductor (Besi),Tech & Industry,https://www.besi.com/careers/,WORKING,"fine, but JavaScript-rendered — use --browser",
Bosch,Tech & Industry,https://www.bosch.com/careers/,WORKING,"fine, but JavaScript-rendered — use --browser",
Carl Zeiss SMT,Tech & Industry,https://www.zeiss.com/careers,WORKING,"fine, but JavaScript-rendered — use --browser",
Dassault Systemes,Tech & Industry,https://www.3ds.com/careers,WORKING,"fine, but JavaScript-rendered — use --browser",
GlobalFoundries Dresden,Tech & Industry,https://gf.com/careers/,WORKING,"403 to a script, but fine in a browser",
Infineon Technologies,Tech & Industry,https://www.infineon.com/careers,WORKING,"fine, but JavaScript-rendered — use --browser",
Intel,Tech & Industry,https://jobs.intel.com,WORKING,"fine, but JavaScript-rendered — use --browser",
Philips,Tech & Industry,https://www.careers.philips.com,WORKING,"fine, but JavaScript-rendered — use --browser",
Qualcomm,Tech & Industry,https://careers.qualcomm.com,WORKING,"fine, but JavaScript-rendered — use --browser",
STMicroelectronics,Tech & Industry,https://careers.st.com,BROKEN,domain did not resolve (may be local DNS overload — recheck),
Schneider Electric,Tech & Industry,https://www.se.com/ww/en/about-us/careers/,BROKEN,"404 — URL is wrong, needs replacing",
SiPearl,Tech & Industry,https://sipearl.com/en/careers,BROKEN,"404 — URL is wrong, needs replacing",
Siemens,Tech & Industry,https://jobs.siemens.com,WORKING,"fine, but JavaScript-rendered — use --browser",
TRUMPF,Tech & Industry,https://www.trumpf.com/en_INT/career/,BROKEN,"404 — URL is wrong, needs replacing",
CDI - Talent Support Turin,University & Training,https://cdi.eu/talent-support-in-turin.html,WORKING,"fine, but JavaScript-rendered — use --browser",
Centro Alti Studi per la Difesa (CASD),University & Training,https://www.casd.difesa.it,SUSPECT,TLS certificate misconfigured,
EPFL,University & Training,https://www.epfl.ch/about/working/,WORKING,"fine, but JavaScript-rendered — use --browser",
ETH Zurich,University & Training,https://jobs.ethz.ch,WORKING,"fine, but JavaScript-rendered — use --browser",
EURECOM,University & Training,https://www.eurecom.fr/en/jobs,BROKEN,"404 — URL is wrong, needs replacing",
European Security and Defence College (ESDC),University & Training,https://esdc.europa.eu/training-and-education_en,WORKING,"fine, but JavaScript-rendered — use --browser",
European University Institute (EUI),University & Training,https://www.eui.eu/ServicesAndAdmin/JobOpportunities,BROKEN,"404 — URL is wrong, needs replacing",
Harvard Kennedy School,University & Training,https://www.hks.harvard.edu/educational-programs,WORKING,"fine, but JavaScript-rendered — use --browser",
Hertie School,University & Training,https://www.hertie-school.org/en/,WORKING,"fine, but JavaScript-rendered — use --browser",
Imperial College London,University & Training,https://www.imperial.ac.uk/jobs/,WORKING,"fine, but JavaScript-rendered — use --browser",
Institut Polytechnique de Paris,University & Training,https://www.ip-paris.fr/en/jobs,BROKEN,"404 — URL is wrong, needs replacing",
KIT - Karlsruhe Institute of Technology,University & Training,https://www.kit.edu/karriere/,WORKING,"fine, but JavaScript-rendered — use --browser",
KU Leuven (COSIC),University & Training,https://www.kuleuven.be/personeel/jobsite/,WORKING,"fine, but JavaScript-rendered — use --browser",
London School of Economics,University & Training,https://jobs.lse.ac.uk,WORKING,"fine, but JavaScript-rendered — use --browser",
MIT,University & Training,https://careers.mit.edu,WORKING,"fine, but JavaScript-rendered — use --browser",
NATO Defense College,University & Training,https://www.ndc.nato.it/about/vacancies.php,BROKEN,domain did not resolve (may be local DNS overload — recheck),
NATO School Oberammergau,University & Training,https://www.natoschool.nato.int,WORKING,"403 to a script, but fine in a browser",
Politecnico di Milano,University & Training,https://www.polimi.it/en/work-with-us,WORKING,"fine, but JavaScript-rendered — use --browser",
Politecnico di Torino,University & Training,https://www.polito.it/ateneo/lavora-con-noi,BROKEN,"404 — URL is wrong, needs replacing",
Radboud University,University & Training,https://www.ru.nl/en/working-at,WORKING,"fine, but JavaScript-rendered — use --browser",
Ruhr-Universitat Bochum (HGI),University & Training,https://jobs.ruhr-uni-bochum.de,WORKING,"fine, but JavaScript-rendered — use --browser",
Sapienza / CINI,University & Training,https://www.uniroma1.it/it/pagina/opportunita-di-lavoro,WORKING,"403 to a script, but fine in a browser",
Sciences Po / PSIA,University & Training,https://www.sciencespo.fr/psia/,WORKING,"fine, but JavaScript-rendered — use --browser",
TU Delft,University & Training,https://www.tudelft.nl/en/about-tu-delft/working-at-tu-delft,WORKING,"fine, but JavaScript-rendered — use --browser",
TU Munchen,University & Training,https://www.tum.de/en/about-tum/working-at-tum,BROKEN,"404 — URL is wrong, needs replacing",
Universiteit Leiden,University & Training,https://www.universiteitleiden.nl/en/vacancies,WORKING,"fine, runs on successfactors (no connector yet)",
University of Amsterdam / VU,University & Training,https://vacancies.uva.nl,BROKEN,domain did not resolve (may be local DNS overload — recheck),
University of Cambridge,University & Training,https://www.jobs.cam.ac.uk,WORKING,"fine, but JavaScript-rendered — use --browser",
University of Oxford,University & Training,https://www.jobs.ox.ac.uk,WORKING,"403 to a script, but fine in a browser",
